policy,n_runs,health_limit_crossing_share,time_to_limit_mean_h,time_to_limit_std_h,time_to_limit_q10_h,time_to_limit_median_h,time_to_limit_q90_h,start_count_mean,assignment_change_mean
expected_max,20,1.0,1961.65,216.33290014283665,1687.4,1943.0,2222.2,23.1,21.1
fixed_pair,20,1.0,1583.35,213.20197367507498,1299.8,1629.5,1825.4,2.0,0.0
gamma_cvar,20,1.0,1943.0,222.01375016687118,1664.9,1917.5,2193.8,22.4,20.4
periodic_rotation,20,1.0,761.25,144.30190391565944,569.9,755.5,963.3000000000001,33.15,31.15
