{
  "evaluation_points": 3600,
  "clipped_points": 214,
  "clipped_share_pct": 5.944444444444445,
  "absolute_clipped_energy_kwh": 1.8160939557864841
}