{
  "generated_at": "2026-07-13T23:30:19",
  "recent_root": "G:\\大论文\\实车数据\\21UBE0022_苏E02625F",
  "csv_files_found": 400,
  "csv_files_scanned": 400,
  "total_rows": 7684841,
  "declared_cell_voltage_columns": [
    1,
    2,
    3,
    4,
    5,
    6,
    7,
    8,
    9,
    10,
    11,
    12,
    13,
    14,
    15,
    16,
    17,
    18,
    19,
    20,
    21,
    22,
    23,
    24,
    25,
    26,
    27,
    28,
    29,
    30,
    31,
    32,
    33,
    34,
    35,
    36,
    37,
    38,
    39,
    40,
    41,
    42,
    43,
    44,
    45,
    46,
    47,
    48,
    49,
    50,
    51,
    52,
    53,
    54,
    55,
    56,
    57,
    58,
    59,
    60,
    61,
    62,
    63,
    64,
    65,
    66,
    67,
    68,
    69,
    70,
    71,
    72,
    73,
    74,
    75,
    76,
    77,
    78,
    79,
    80,
    81,
    82,
    83,
    84,
    85
  ],
  "declared_cell_count": 85,
  "metrics_running_current_ge_5a": {
    "target_power_kw": {
      "count": 6129950,
      "min": 0.0,
      "mean": 19.72681800014682,
      "std": 8.489135661954418,
      "p50": 20.0,
      "p90": 30.0,
      "p95": 30.0,
      "p99": 40.0,
      "p999": 40.0,
      "max": 45.0,
      "underflow": 0,
      "overflow": 0
    },
    "fc_input_power_kw": {
      "count": 6129950,
      "min": 0.67,
      "mean": 21.00923357924616,
      "std": 7.853217313484948,
      "p50": 22.985,
      "p90": 31.845,
      "p95": 32.92500000000001,
      "p99": 39.315,
      "p999": 41.125,
      "max": 47.502,
      "underflow": 0,
      "overflow": 0
    },
    "dcdc_output_power_kw": {
      "count": 6129950,
      "min": 0.0,
      "mean": 18.439051650372345,
      "std": 6.888651195653871,
      "p50": 20.295,
      "p90": 27.695000000000007,
      "p95": 28.914999999999992,
      "p99": 33.83500000000001,
      "p999": 35.435,
      "max": 41.857299999999995,
      "underflow": 0,
      "overflow": 0
    },
    "loadable_raw": {
      "count": 6129950,
      "min": 0.0,
      "mean": 2178.971606619956,
      "std": 1337.5341331733985,
      "p50": 3000.0,
      "p90": 3000.0,
      "p95": 3000.0,
      "p99": 3000.0,
      "p999": 3000.0,
      "max": 3000.0,
      "underflow": 0,
      "overflow": 0
    },
    "fc_current_a": {
      "count": 6129950,
      "min": 5.0,
      "mean": 176.2275080873415,
      "std": 69.97010660084798,
      "p50": 194.89,
      "p90": 269.89,
      "p95": 270.01,
      "p99": 340.03,
      "p999": 340.03,
      "max": 406.0,
      "underflow": 0,
      "overflow": 0
    }
  },
  "cell_mean_audit": {
    "running_rows_checked": 6129950,
    "reported_mean_gt_0_5": 6129950,
    "reported_mean_close_to_v_over_85": 5773055
  },
  "skipped_files": [],
  "liu_half_month_root": "H:\\其他\\2026刘展玮\\论文代码\\半个月的数据\\原始数据\\原始数据\\原始数据",
  "identity_overlap": {
    "files_checked": 7,
    "files_exact_on_core_signals": 7
  },
  "cell_channel_sample": {
    "months_sampled": 15,
    "modal_nonzero_channels_min": 8,
    "modal_nonzero_channels_max": 85,
    "median_stack_voltage_over_channel_mean": 85.03401360544218,
    "interpretation": "numbered telemetry channels are not a verified physical cell count; two-cell grouping is compatible with the observed voltage scale"
  }
}