engine,rate_min,rate_median,rate_p95,rate_max,remaining_min,remaining_max,remaining_net_change
三号发动机,0.0,0.0,18.24,181.32,0.0,18.3,-0.7300000000000004
四号发动机,0.0,0.0,15.99,197.42,0.0,22.35,0.41000000000000014
五号发动机,0.0,0.0,15.97,245.6,0.0,20.82,0.0400000000000027
