strategy,n_seeds,all_power_balanced,total_hydrogen_g_mean,total_hydrogen_g_std,total_hydrogen_g_ci95,hydrogen_g_per_net_kwh_mean,hydrogen_g_per_net_kwh_std,hydrogen_g_per_net_kwh_ci95,energy_weighted_efficiency_lhv_pct_mean,energy_weighted_efficiency_lhv_pct_std,energy_weighted_efficiency_lhv_pct_ci95,total_stack_state_changes_mean,total_stack_state_changes_std,total_stack_state_changes_ci95,total_evaluated_objective_g_mean,total_evaluated_objective_g_std,total_evaluated_objective_g_ci95
average,10,True,1069.2476136687787,63.80773118000337,39.548441519884584,65.20868770300987,0.4240153337533902,0.2628074266294482,46.0078877889358,0.29870005890990403,0.18513621458282659,2.0,0.0,0.0,1069.4858896619157,63.80773118000337,39.548441519884584
daisy_chain,10,True,1278.1640584071788,81.88093981496398,50.750332287008625,77.93315105689257,0.860167477121261,0.533137325793176,38.49876051141116,0.42592467960342534,0.26399085144796014,30.7,3.4334951418181574,2.128102336720571,1281.8215949018308,82.11024200831145,50.89245525888489
instantaneous,10,True,1065.109540269322,64.23106348445036,39.81082560056392,64.95411836376023,0.4240878913386488,0.26285239828671236,46.188217013480326,0.3010810438262907,0.18661196432324292,21.6,5.399588461684424,3.346699601431569,1067.682920995201,63.91390639797203,39.61424960177436
sticky,10,True,1068.7918626242083,63.740637378014085,39.50685635057595,65.18103331312882,0.42336242023321735,0.26240274663703084,46.027403212665526,0.2984141520457547,0.1849590076725065,2.0,0.0,0.0,1069.0301386173453,63.740637378014085,39.50685635057595
one_step_greedy,10,True,1068.7918626242083,63.740637378014085,39.50685635057595,65.18103331312882,0.42336242023321735,0.26240274663703084,46.027403212665526,0.2984141520457547,0.1849590076725065,2.0,0.0,0.0,1069.0301386173453,63.740637378014085,39.50685635057595
break_even_hysteresis,10,True,1067.3981297046737,63.82697115412311,39.56036657939143,65.09543196585321,0.4179864864344999,0.2590707083476021,46.08789103937637,0.2955355051961671,0.18317480387020937,12.2,4.565571644870381,2.829770622820474,1068.8516132628092,63.55958821056269,39.39464091400172
offline_dp,10,True,1065.9433312766987,64.1297615176893,39.74803799106568,65.00545591892651,0.4226570588896748,0.2619655591469008,46.151725567496825,0.2995953442014549,0.1856911181555085,12.2,4.565571644870381,2.829770622820474,1067.396814834834,63.858639995568815,39.57999513067756
