health_case,policy,segments,steps,positive_steps,constraint_violation_steps,safety_override_steps,tracking_mae_kw,tracking_rmse_kw,tracking_max_abs_kw,tracking_within_tolerance_share,hydrogen_g_per_fc_kwh,expected_damage_increment_sum_pct,total_switch_count,planning_runtime_s,terminal_max_delta_mean_pct,terminal_max_nonworse_share
oldest_stack_2,fixed_pair,24,86415,62425,0,76,0.688568288,1.33141516,5.494061525,1.0,52.356529686,0.168238009,16,2505.09291267,0.0,1.0
oldest_stack_2,health_greedy,24,86415,62425,0,76,0.688568288,1.33141516,5.494061525,1.0,52.356529686,0.168238009,16,2506.905865486,0.0,1.0
oldest_stack_0,fixed_pair,24,86415,62425,0,73,0.653064561,1.175907037,5.498756126,1.0,52.534570712,0.168891341,16,2426.471306991,0.0,1.0
oldest_stack_0,health_greedy,24,86415,62425,0,76,0.688219637,1.331185591,5.494058815,1.0,52.358026487,0.174399804,16,2497.188121136,-0.009619156,1.0
oldest_stack_1,fixed_pair,24,86415,62425,0,78,0.653362529,1.124016638,5.492544326,1.0,52.712725785,0.164831206,16,2441.117654539,0.0,1.0
oldest_stack_1,health_greedy,24,86415,62425,0,76,0.688371686,1.331593057,5.494056104,1.0,52.358158847,0.171205903,16,2493.287390355,-0.009930907,1.0
