model_family,method,horizon_s,split,n,point_mae_kw,point_rmse_kw,point_nmae_range_pct,point_nrmse_range_pct,window_mean_mae_kw,window_mean_rmse_kw,window_energy_mae_kwh,window_energy_rmse_kwh,high_power_f1,braking_f1,training_runtime_s
xgboost,state_direct_power,1,validation,31661,5.401223861917553,10.90871309538625,1.212078299061592,2.4480034065672855,5.401223861917553,10.90871309538625,0.0015003399651886656,0.0030301980917842677,0.9129044634863793,0.928335362671769,6.048403099994175
xgboost,state_direct_power,1,test,31247,5.238502827784118,10.589057562669684,1.1755623835364806,2.376270120873926,5.238502827784118,10.589057562669684,0.001455139674590308,0.002941404876736291,0.9019093426614196,0.924282982791587,6.048403099994175
xgboost,state_direct_power,3,validation,31655,7.929369985407275,15.9747540673136,1.7794147271522953,3.584863955437416,6.588102524887187,12.848745741220204,0.005490085443789816,0.010707288128998236,0.8854302640827393,0.9049375709421112,15.81231279997155
xgboost,state_direct_power,3,test,31245,7.550738563405088,15.121310427611963,1.6944467751317411,3.3933443032993087,6.229429270676349,12.08545491119856,0.00519119106135031,0.010071212426991386,0.8657448706512043,0.8915163147792706,15.81231279997155
xgboost,state_direct_power,5,validation,31649,11.704578524061127,23.614889112790244,2.626602042678564,5.299372023842958,9.681392978914886,17.765261234111687,0.013446379113287499,0.024673973884317007,0.8346673551940786,0.8610081541882876,25.548555999994278
xgboost,state_direct_power,5,test,31243,10.90088887132587,22.136864418400457,2.4462475874357272,4.967691333809313,8.930095784676286,16.529032942540418,0.012402910809129353,0.022956990203311097,0.8143273479364482,0.8457552809884417,25.548555999994278
xgboost,state_direct_power,10,validation,31634,19.468032303982874,35.98336449075205,4.368783832024008,8.074957887596215,15.890388248745998,26.07220385712557,0.04413996737906885,0.07242278853255155,0.7388304641972001,0.8132473841554559,49.129903099965304
xgboost,state_direct_power,10,test,31238,17.95776792774654,33.55436721321925,4.029868296752719,7.5298712620750194,14.558792795880898,24.071863949591194,0.040441091088319565,0.0668662887484101,0.7181052019761697,0.7879625061667489,49.129903099965304
