strategy,horizon_s,baseline,h2_kg_improvement_pct,degradation_proxy_sum_improvement_pct,battery_throughput_kwh_improvement_pct,switch_count_improvement_pct,fc_total_variation_kw_improvement_pct,absolute_soc_error_improvement_pct
constant,5,instant,-0.31551322501695717,-12.607406441286718,0.8303531733739794,-79.24528301886792,-71.1268366393013,-53.33805582454487
perfect,5,instant,-0.005897443458265705,-9.429452190117235,1.8115422707762994,-47.16981132075472,-45.61843269394605,-54.10341805823046
perfect,5,constant,0.3086419753086391,2.8221538454723794,0.9894046503137096,17.894736842105264,14.906138888736368,-0.4991339100851448
predicted,5,instant,0.1267950343526205,-8.61623746092714,2.3181306231627583,-62.264150943396224,-53.345335975443646,-54.1362542503342
predicted,5,constant,0.44091710758378855,3.544321911401597,1.5002346961967057,9.473684210526315,10.390831159543517,-0.5205481584445378
