{
  "default_prediction_horizon_s": 5,
  "prediction_test": [
    {
      "model_family": "xgboost",
      "method": "state_direct_power",
      "horizon_s": 1,
      "split": "test",
      "n": 31247,
      "point_mae_kw": 5.238502827784118,
      "point_rmse_kw": 10.589057562669684,
      "point_nmae_range_pct": 1.1755623835364806,
      "point_nrmse_range_pct": 2.376270120873926,
      "window_mean_mae_kw": 5.238502827784118,
      "window_mean_rmse_kw": 10.589057562669684,
      "window_energy_mae_kwh": 0.0014551396745903,
      "window_energy_rmse_kwh": 0.0029414048767362,
      "high_power_f1": 0.9019093426614196,
      "braking_f1": 0.924282982791587,
      "training_runtime_s": 6.048403099994175,
      "selected_family": "xgboost",
      "validation_score": 2.765523754250989,
      "selected": true
    },
    {
      "model_family": "xgboost",
      "method": "state_direct_power",
      "horizon_s": 3,
      "split": "test",
      "n": 31245,
      "point_mae_kw": 7.550738563405088,
      "point_rmse_kw": 15.121310427611965,
      "point_nmae_range_pct": 1.6944467751317411,
      "point_nrmse_range_pct": 3.3933443032993087,
      "window_mean_mae_kw": 6.229429270676349,
      "window_mean_rmse_kw": 12.08545491119856,
      "window_energy_mae_kwh": 0.0051911910613503,
      "window_energy_rmse_kwh": 0.0100712124269913,
      "high_power_f1": 0.8657448706512043,
      "braking_f1": 0.8915163147792706,
      "training_runtime_s": 15.81231279997155,
      "selected_family": "xgboost",
      "validation_score": 4.004128285387715,
      "selected": true
    },
    {
      "model_family": "xgboost",
      "method": "state_direct_power",
      "horizon_s": 5,
      "split": "test",
      "n": 31243,
      "point_mae_kw": 10.90088887132587,
      "point_rmse_kw": 22.136864418400457,
      "point_nmae_range_pct": 2.4462475874357272,
      "point_nrmse_range_pct": 4.967691333809313,
      "window_mean_mae_kw": 8.930095784676286,
      "window_mean_rmse_kw": 16.529032942540418,
      "window_energy_mae_kwh": 0.0124029108091293,
      "window_energy_rmse_kwh": 0.022956990203311,
      "high_power_f1": 0.8143273479364482,
      "braking_f1": 0.8457552809884417,
      "training_runtime_s": 25.54855599999428,
      "selected_family": "xgboost",
      "validation_score": 5.908021005078226,
      "selected": true
    },
    {
      "model_family": "xgboost",
      "method": "state_direct_power",
      "horizon_s": 10,
      "split": "test",
      "n": 31238,
      "point_mae_kw": 17.95776792774654,
      "point_rmse_kw": 33.55436721321925,
      "point_nmae_range_pct": 4.029868296752719,
      "point_nrmse_range_pct": 7.5298712620750194,
      "window_mean_mae_kw": 14.558792795880898,
      "window_mean_rmse_kw": 24.071863949591197,
      "window_energy_mae_kwh": 0.0404410910883195,
      "window_energy_rmse_kwh": 0.0668662887484101,
      "high_power_f1": 0.7181052019761697,
      "braking_f1": 0.7879625061667489,
      "training_runtime_s": 49.1299030999653,
      "selected_family": "xgboost",
      "validation_score": 8.970802190890904,
      "selected": true
    }
  ],
  "allocation": [
    {
      "strategy": "instant",
      "horizon_s": 1,
      "n": 3600,
      "h2_kg": 0.3011331173205065,
      "degradation_proxy_sum": 162.07070128914526,
      "soc_final": 0.6987668260175498,
      "soc_error": -0.0012331739824501,
      "battery_throughput_kwh": 16.353728258589314,
      "switch_count": 53,
      "fc_total_variation_kw": 281.1552962475621,
      "runtime_s": 0.9248194999527186
    },
    {
      "strategy": "constant",
      "horizon_s": 5,
      "n": 3600,
      "h2_kg": 0.3020832321305585,
      "degradation_proxy_sum": 182.50361332291152,
      "soc_final": 0.6981090749903768,
      "soc_error": -0.0018909250096231,
      "battery_throughput_kwh": 16.21793455702916,
      "switch_count": 95,
      "fc_total_variation_kw": 481.1321645123092,
      "runtime_s": 5.676199599984102
    },
    {
      "strategy": "perfect",
      "horizon_s": 5,
      "n": 3600,
      "h2_kg": 0.3011508764758346,
      "degradation_proxy_sum": 177.35308058139293,
      "soc_final": 0.6980996367424395,
      "soc_error": -0.0019003632575604,
      "battery_throughput_kwh": 16.05747355833708,
      "switch_count": 78,
      "fc_total_variation_kw": 409.4139358317208,
      "runtime_s": 5.894648500019684
    },
    {
      "strategy": "predicted",
      "horizon_s": 5,
      "n": 3600,
      "h2_kg": 0.3007512954809528,
      "degradation_proxy_sum": 176.03509776680792,
      "soc_final": 0.6980992318150616,
      "soc_error": -0.0019007681849383,
      "battery_throughput_kwh": 15.974627475798131,
      "switch_count": 86,
      "fc_total_variation_kw": 431.138533643578,
      "runtime_s": 6.115330800064839
    }
  ],
  "clipping": {
    "points": 3600,
    "clipped_points": 63,
    "clipped_share_pct": 1.7500000000000002,
    "absolute_clipped_energy_kwh": 0.2687943497689717,
    "maximum_clipped_power_kw": 57.5582158,
    "scope": "裁剪非零时，结果属于当前FC+电池可行域基线。"
  },
  "warning": "Raw H2/proxy are not fully comparable when terminal SOC differs."
}