strategy,n_segments,successful_segments,failed_segments,operating_segments,execution_success_share,zero_violation_share,tracking_within_tolerance_share,hydrogen_g_per_fc_kwh_mean,hydrogen_g_per_fc_kwh_std,main_expected_damage_increment_pct_mean,main_expected_damage_increment_pct_std,damage_increment_range_pct_mean,damage_increment_range_pct_std,fc_tracking_mae_kw_mean,fc_tracking_mae_kw_std,fc_tracking_max_abs_kw_mean,fc_tracking_max_abs_kw_std,total_switch_count_mean,total_switch_count_std,total_load_shift_count_mean,total_load_shift_count_std,online_step_range_mean,online_step_range_std,planning_runtime_s_mean,planning_runtime_s_std
average,24,22,2,4,0.9166666666666666,1.0,1.0,51.540320568510204,1.3367075106812396,0.004256,0.00011700965455576132,0.0021786666666547827,5.850482728323942e-05,1.8419663754473223,1.688910314601015,2.1121441814716935,1.692700745453352,2.0,0.0,0.0,0.0,120.0,0.0,15.615808825590648,0.16994296418412203
rotating,24,24,0,6,1.0,1.0,1.0,52.36253403478397,1.3287567560582219,0.006652562175925927,0.0016116488862411645,0.0007013337037033995,0.0009127013959928437,0.8940247822082474,0.9287569782623357,2.358287284961328,2.365860458221981,4.0,1.2649110640673518,5.5,5.049752469181039,67.33333333333333,26.583202716502516,38.892526099924,10.198318715346085
instant_health,24,24,0,6,1.0,1.0,1.0,52.136956818971576,1.2134443090122131,0.004286577152777781,0.0002002727978579079,0.0021902285416503333,0.00010400876017952062,0.7505835750710084,0.9282410896717223,2.01772154928927,2.439761242971426,2.0,0.0,1.6666666666666667,3.2041639575194445,120.0,0.0,57.632013750184946,9.95669907414516
beam_health,24,24,0,6,1.0,1.0,1.0,52.10151207820464,1.206508744616441,0.004255842569444448,0.0001310984690187372,0.002169581458316842,6.441786093752935e-05,0.7343551382467516,0.9203678473355427,2.01772154928927,2.439761242971426,2.0,0.0,1.1666666666666667,2.0412414523193148,120.0,0.0,118.59007365023717,17.685090375569615
