strategy,preview_mae_kw,hydrogen_g,hydrogen_soc_corrected_g,degradation_increment_pct,performance_loss_sum,battery_throughput_kwh,soc_final,soc_error,switch_count,safety_override_steps,constraint_violation_steps,stack_0_current_a_step,stack_1_current_a_step,runtime_s,hydrogen_soc_corrected_g_regret_vs_perfect_pct,degradation_increment_pct_regret_vs_perfect_pct,performance_loss_sum_regret_vs_perfect_pct,battery_throughput_kwh_regret_vs_perfect_pct
base_xgboost,22.0360208252625,39.718350891240114,41.7128167764305,0.005165578611111109,4.84791827464914,1.2566643112681435,0.6989361355745302,-0.001063864425469796,2,5,0,12795.0,9570.0,4.327640784999858,-0.717714055851245,-0.056995635117906396,20.415335212836254,-2.0032586506697276
event_center,20.67063808358013,42.63085236504443,42.165817620594254,0.005172076944444444,4.7998145551439535,1.267967403203886,0.7002480533384409,0.00024805333844091226,2,5,0,14615.0,9390.0,5.243407953999849,0.36049074590693503,0.06873335007282019,19.220507828989632,-1.12182502759113
event_brake_scenario,35.021466255262276,43.04819251525421,42.600728454910595,0.005044100555555555,5.575735229148041,1.2764582276333454,0.7002386809917435,0.00023868099174351176,2,4,0,14775.0,9465.0,8.921175567000319,1.3956388166840965,-2.4073386945597375,38.49326425051451,-0.45969663101349384
perfect,1.0919611035416663,42.675250253364624,42.01435974177311,0.005168524444444445,4.025997408121115,1.28235316191637,0.7003525244074784,0.0003525244074784606,2,5,0,15340.0,8690.0,5.384313529999872,0.0,0.0,0.0,0.0
