health_case,policy,segments,steps,positive_steps,constraint_violation_steps,safety_override_steps,tracking_mae_kw,tracking_rmse_kw,tracking_max_abs_kw,tracking_within_tolerance_share,hydrogen_g_per_fc_kwh,expected_damage_increment_sum_pct,total_switch_count,planning_runtime_s
oldest_stack_2,fixed_pair,24,86415,62425,0,67,0.34848835805008965,0.6025213141850423,5.446018102047468,1.0,51.437291389591955,0.16955823944444443,16,6187.945213577012
oldest_stack_2,health_greedy,24,86415,62425,0,67,0.34848835805008965,0.6025213141850423,5.446018102047468,1.0,51.437291389591955,0.16955823944444443,16,6132.3861876334995
oldest_stack_0,fixed_pair,24,86415,62425,0,66,0.3374717366538744,0.6215085316467781,5.497510455816343,1.0,51.53045971147874,0.16883075472222223,16,6168.318328518653
oldest_stack_0,health_greedy,24,86415,62425,0,67,0.3492381438337963,0.6040596391253195,5.445994255266079,1.0,51.43950957847263,0.17676522847222226,16,5472.9962573831435
oldest_stack_1,fixed_pair,24,86415,62425,0,70,0.3457926500003233,0.6551278132960853,5.498724090414704,1.0,51.50616330779955,0.18001631083333336,16,5539.807392090093
oldest_stack_1,health_greedy,24,86415,62425,0,67,0.34927663605980086,0.6042175956100967,5.446005849802646,1.0,51.439215067531364,0.17301315333333334,16,5512.37369593652
