policy,cases,feasible_share,exact_assignment_hit_share,online_set_hit_share,regret_mean_pct,regret_max_pct,delta_vs_fixed_mean_pct,delta_vs_fixed_improvement_share,tracking_mae_mean_kw,tracking_max_abs_kw
fixed_pair,18,1.0,0.3333333333333333,0.3333333333333333,9.316513888900523e-05,0.0004397049999997904,0.0,0.0,0.8466771181501869,5.4984081705731
health_greedy,18,1.0,0.6666666666666666,1.0,0.0,0.0,-9.316513888900523e-05,0.6666666666666666,0.7505863551324752,5.171681307601524
expected_max,18,1.0,1.0,1.0,0.0,0.0,-9.316513888900523e-05,0.6666666666666666,0.7505863551324752,5.171681307601524
