{
  "literature_source": "Zuo et al., Reliability Engineering & System Safety 241 (2024) 109660, Appendix A, Eqs. A.5-A.6",
  "empirical_source": "data/results/load_zuo_calibration",
  "decision_interval_s": 30,
  "decision_interval_status": "engineering candidate, not a Zuo paper fact",
  "empirical_weight": 0.5,
  "empirical_weight_status": "candidate for sensitivity analysis",
  "capacity_reserve_fraction": 0.05,
  "tracking_tolerance_kw": 5.5,
  "positive_demand_online_stack_rule": "exactly two stacks online",
  "healthy_two_stack_capacity_kw": 87.45105687558855,
  "mapped_system_power_reference_kw": 83.07850403180912,
  "initial_damage_fraction": [
    0.1,
    0.4,
    0.8
  ],
  "heterogeneity_factors": [
    1.0,
    1.05,
    1.1
  ],
  "stochastic_health": false,
  "matrices": {
    "fast_blend_50": [
      [
        0.5337980406932933,
        0.19120195930670686,
        0.17500000000000002,
        0.10000000000000002
      ],
      [
        0.2546703296703297,
        0.4071428571428572,
        0.23818681318681317,
        0.10000000000000002
      ],
      [
        0.10400874635568512,
        0.17718658892128278,
        0.5408892128279885,
        0.1779154518950437
      ],
      [
        0.10337078651685391,
        0.17837078651685392,
        0.17724719101123595,
        0.5410112359550563
      ]
    ],
    "slow_blend_50": [
      [
        0.8337980406932932,
        0.06620195930670686,
        0.075,
        0.025
      ],
      [
        0.10467032967032966,
        0.7571428571428571,
        0.08818681318681315,
        0.05
      ],
      [
        0.0290087463556851,
        0.027186588921282753,
        0.9158892128279884,
        0.0279154518950437
      ],
      [
        0.028370786516853902,
        0.07837078651685389,
        0.10224719101123596,
        0.7910112359550562
      ]
    ]
  }
}