strategy,n_seeds,all_power_balanced,total_hydrogen_g_mean,total_hydrogen_g_std,total_hydrogen_g_ci95,hydrogen_g_per_net_kwh_mean,hydrogen_g_per_net_kwh_std,hydrogen_g_per_net_kwh_ci95,energy_weighted_efficiency_lhv_pct_mean,energy_weighted_efficiency_lhv_pct_std,energy_weighted_efficiency_lhv_pct_ci95,total_stack_state_changes_mean,total_stack_state_changes_std,total_stack_state_changes_ci95,total_evaluated_objective_g_mean,total_evaluated_objective_g_std,total_evaluated_objective_g_ci95
average,10,True,1198.4011892829349,97.64230551690943,60.51932795899784,67.64172108427172,0.7680689596273959,0.47605407324970256,44.35640967493826,0.4975376906839404,0.3083770555709516,2.0,0.0,0.0,1198.6394652760719,97.64230551690943,60.51932795899784
daisy_chain,10,True,1373.9884992403206,116.56080906791156,72.24513794305528,77.53097234779877,0.9857592713194356,0.610979926311473,38.69987184778508,0.49450236564628086,0.30649574162159526,28.9,4.677368680976279,2.899063143691615,1377.431587341149,116.73927618001989,72.35575300514748
instantaneous,10,True,1191.7285885965384,97.32174538979366,60.32064273376893,67.2636526174464,0.7380070502389611,0.4574215087714162,44.60539268289952,0.48429292595851425,0.30016786534429296,20.8,3.9944405810520647,2.475779922008865,1194.2066589251626,96.9493974093122,60.0898590644738
sticky,10,True,1195.380754164257,96.58713405051171,59.86532590845386,67.47394921481877,0.710363343764105,0.44028776198719705,44.465994398012825,0.46342012555477635,0.28723076962160177,2.0,0.0,0.0,1195.619030157394,96.58713405051171,59.86532590845386
one_step_greedy,10,True,1195.380754164257,96.58713405051171,59.86532590845386,67.47394921481877,0.710363343764105,0.44028776198719705,44.465994398012825,0.46342012555477635,0.28723076962160177,2.0,0.0,0.0,1195.619030157394,96.58713405051171,59.86532590845386
break_even_hysteresis,10,True,1193.9371461716826,96.75229172686609,59.96769169680066,67.39129091475482,0.7140378611884687,0.44256525148233805,44.520587141055756,0.46662320341710994,0.28921605784889787,11.6,6.022181221672649,3.732586591985063,1195.319146931877,96.27629741986499,59.67266736877485
offline_dp,10,True,1192.525328298526,97.36312714844004,60.34629141350649,67.30860191793566,0.7327283393222845,0.45414972984858265,44.57553103389375,0.4802512534676018,0.29766281078125795,11.6,6.022181221672649,3.732586591985063,1193.9073290587203,96.88404267286904,60.04935177915789
