strategy,n_seeds,all_power_balanced,total_hydrogen_g_mean,total_hydrogen_g_std,total_hydrogen_g_ci95,hydrogen_g_per_net_kwh_mean,hydrogen_g_per_net_kwh_std,hydrogen_g_per_net_kwh_ci95,energy_weighted_efficiency_lhv_pct_mean,energy_weighted_efficiency_lhv_pct_std,energy_weighted_efficiency_lhv_pct_ci95,total_stack_state_changes_mean,total_stack_state_changes_std,total_stack_state_changes_ci95,total_evaluated_objective_g_mean,total_evaluated_objective_g_std,total_evaluated_objective_g_ci95
average,10,True,1080.6492012696458,78.79004442828254,48.83457547848946,65.2279242322464,0.46713934487488273,0.2895359656387726,45.99467966718486,0.327017956467025,0.2026878293290794,2.0,0.0,0.0,1080.8874772627828,78.79004442828254,48.83457547848946
daisy_chain,10,True,1291.2104943004565,103.69649549432589,64.27175378333372,77.89951419259052,1.0760659276695084,0.6669525718117792,38.517805181723126,0.535225390487627,0.33173613391680834,28.9,4.677368680976279,2.899063143691615,1294.6535824012856,103.88139664340375,64.38635670285511
instantaneous,10,True,1076.6553153192701,79.18421773932901,49.07888662781781,64.98405140983319,0.47757119091603206,0.2960016908020601,46.1674023816228,0.3370209144077961,0.20888772689369342,20.8,3.9944405810520647,2.475779922008865,1079.1333856478946,78.80241158768301,48.842240723300264
sticky,10,True,1080.3074808869892,78.427614028838,48.6099387896057,65.20853805906688,0.44891356627964657,0.2782395110305581,46.00819538171071,0.3147480377054078,0.19508285489065857,2.0,0.0,0.0,1080.5457568801262,78.427614028838,48.6099387896057
one_step_greedy,10,True,1080.3074808869892,78.427614028838,48.6099387896057,65.20853805906688,0.44891356627964657,0.2782395110305581,46.00819538171071,0.3147480377054078,0.19508285489065857,2.0,0.0,0.0,1080.5457568801262,78.427614028838,48.6099387896057
break_even_hysteresis,10,True,1078.8638728944147,78.60083806541013,48.71730415981273,65.1202673952523,0.4522685612787164,0.28031895847472293,46.07059262913472,0.3176980493788236,0.19691129106902602,11.6,6.022181221672649,3.732586591985063,1080.245873654609,78.10524756052784,48.410133982505286
offline_dp,10,True,1077.4520550212578,79.23251136659296,49.10881932810836,65.03208797769328,0.47254271507639,0.2928850091868304,46.133250918659165,0.3330410360545356,0.20642097273397958,11.6,6.022181221672649,3.732586591985063,1078.8340557814522,78.73340152312169,48.79946784214441
