strategy,n_steps,hydrogen_g,soc_equivalent_hydrogen_g,hydrogen_soc_corrected_g,degradation_increment_pct,performance_loss_sum,battery_throughput_kwh,soc_final,soc_error,switch_count,constraint_violation_steps,safety_override_steps,max_power_balance_error_kw,final_damage_mean_pct,final_damage_range_pct,stack_0_current_a_step,stack_1_current_a_step,runtime_s
average,300,44.96618129068633,-1.5203461807161458,43.44583510997018,0.00633878,4.332340819397529,1.949520232256558,0.7008109650950025,0.0008109650950025,2,0,3,7.105427357601002e-15,3.510555088958313,5.1444675384721865,12660.0,12660.0,1.1474268149995623
rotating,300,54.57388432317498,-10.451435563008364,44.12244876016662,0.0061006672222222,8.99474915580773,1.7066320076452546,0.7055748812617635,0.0055748812617635,2,0,4,7.105427357601002e-15,3.510436032569429,5.144333325694418,10555.0,20175.0,6.48339231799946
instant_health,300,54.458449813542494,-10.48996762926152,43.96848218428097,0.0058542755555555,5.2135707172897305,1.627914565559799,0.7055954345812416,0.0055954345812416,2,0,3,7.105427357601002e-15,3.5103128367360945,5.144204311805526,18575.0,12090.0,8.068426617999648
beam_perfect,300,41.02364880785363,1.3863976947077805,42.410046502561414,0.0060338572222222225,2.0251328285313583,1.6710650031885486,0.6992604841236418,-0.0007395158763581211,2,0,1,7.105427357601002e-15,3.51040262756943,5.144528860138862,15000.0,8100.0,212.81009905499923
