health_case,policy,segments,steps,positive_steps,constraint_violation_steps,safety_override_steps,tracking_mae_kw,tracking_rmse_kw,tracking_max_abs_kw,tracking_within_tolerance_share,hydrogen_g_per_fc_kwh,expected_damage_increment_sum_pct,total_switch_count,planning_runtime_s
oldest_stack_2,fixed_pair,24,86415,62425,0,76,0.6885682881100363,1.331415159718898,5.494061525250341,1.0,52.35652968600808,0.16823800944444445,16,2505.0929126704577
oldest_stack_2,health_greedy,24,86415,62425,0,76,0.6885682881100363,1.331415159718898,5.494061525250341,1.0,52.35652968600808,0.16823800944444445,16,2506.9058654864784
oldest_stack_0,fixed_pair,24,86415,62425,0,73,0.6530645605207829,1.1759070371069604,5.498756125665551,1.0,52.53457071227026,0.16889134055555555,16,2426.4713069905993
oldest_stack_0,health_greedy,24,86415,62425,0,76,0.6882196370690372,1.3311855909293495,5.494058814660686,1.0,52.358026486873804,0.1743998041666667,16,2497.188121136278
oldest_stack_1,fixed_pair,24,86415,62425,0,78,0.653362528570412,1.1240166382929953,5.492544325776194,1.0,52.71272578540039,0.16483120555555553,16,2441.117654539412
oldest_stack_1,health_greedy,24,86415,62425,0,76,0.6883716856982733,1.3315930570879342,5.494056103680055,1.0,52.35815884682001,0.17120590333333333,16,2493.2873903552536
