health_case,policy,segments,steps,positive_steps,constraint_violation_steps,safety_override_steps,tracking_mae_kw,tracking_rmse_kw,tracking_max_abs_kw,tracking_within_tolerance_share,hydrogen_g_per_fc_kwh,expected_damage_increment_sum_pct,total_switch_count,planning_runtime_s
oldest_stack_2,fixed_pair,24,86415,62425,0,80,0.6335811008814507,1.1013222839275922,5.498185991368878,1.0,51.91359697416603,0.16584969972222224,16,5077.951020928798
oldest_stack_2,health_greedy,24,86415,62425,0,80,0.6335811008814507,1.1013222839275922,5.498185991368878,1.0,51.91359697416603,0.16584969972222224,16,5122.9338286032435
oldest_stack_0,fixed_pair,24,86415,62425,0,69,0.587534350338452,1.0084828891305022,5.498187319009947,1.0,52.06542958615441,0.17147600125,16,5181.04018988926
oldest_stack_0,health_greedy,24,86415,62425,0,78,0.6342245489265246,1.1021755490365632,5.498187319009947,1.0,51.91476424584606,0.17199080194444447,16,4759.514371863101
oldest_stack_1,fixed_pair,24,86415,62425,0,76,0.4995503681478609,0.9053409749292863,5.497039144831202,1.0,52.37781622276608,0.17763193805555555,16,4735.322974063456
oldest_stack_1,health_greedy,24,86415,62425,0,78,0.6338616456754068,1.1013858419759806,5.498188644065522,1.0,51.91549023117899,0.16874825111111114,16,4763.4724544005
