current_a,one_hour_expected_damage_pct,theta_after_one_hour_i0,theta_after_one_hour_ih,theta_after_one_hour_R_ohm,normalized_proxy_after_one_hour
195.0,0.00396,1.9069999877696146e-07,0.002005219611446822,0.040600086738286065,1.0330191050590032e-05
370.0,0.00343,1.9069999908954602e-07,0.00200469151904035,0.04060006884620463,1.8259427070167058e-05
